{"0x678c089e01e99495":{"name":"NAIST (Pica8)","x":525,"y":122},"0x1018c1900e":{"name":"NAIST (sd-lemon)","x":453,"y":60},"0x5008069821":{"name":"NAIST (sd-grape01)"},"0x86d353c8544c":{"name":"Osaka (apple)","x":650,"y":74},"0x3085a99581b7":{"name":"OsakaUmekita (nozomi3)"},"0x201022039":{"name":"NICT (Tokyo)","x":350,"y":84},"0x301032039":{"name":"NICT (Osaka)","x":420,"y":159},"0x1101022039":{"name":"NICT (LA)","x":259,"y":162},"0xcaa8089e018237b4":{"name":"UF (Pica P3295)"},"0x2219629060":{"name":"UF (dirt00)","x":635,"y":185},"0x678c089e01e994e5":{"name":"UCSD (Pica8-1)","x":460,"y":420},"0x5e3e486e7302045e":{"name":"UCSD (Pica8-2)","x":375,"y":331},"0x188b7ba34e":{"name":"UCSD (rocks-106)","x":235,"y":426},"0x40a8f0303b75":{"name":"NCHC (NCHC)"},"0xaa4a28a9ea42":{"x":625,"y":17},"0x24215a465d":{"x":616,"y":240},"0x1018a6c346":{"x":630,"y":299},"0xcaa8089e018237b4L":{"x":402,"y":213},"0x10186df182":{"x":343,"y":549},"0x188b7ba361":{"x":223,"y":481},"0x188b7ba17f":{"x":564,"y":481},"0x188b7ba4e0":{"x":455,"y":561},"0x212846ed1c":{"x":627,"y":350},"0x188b7db605":{"x":31,"y":284},"0x5e3e486e730203ad":{"x":199,"y":317},"0x1d0922311b":{"x":34,"y":339},"0x188b7b9b89":{"x":526,"y":522},"0x188b7ba73f":{"x":260,"y":523},"0x188b7ba739":{"x":586,"y":437},"0x151716e184":{"x":111,"y":243},"0x1ef6244fe44b":{"x":280,"y":35},"0xa8b47ceed4a":{"x":144,"y":14},"0xb2035941ec40":{"x":120,"y":76},"0xf":{"x":367.8598288705383,"y":318.03068492921653},"0x10":{"x":344.352561000485,"y":375.0037696533764},"0x8":{"x":484.3142470164524,"y":155.5819285428934},"0x7":{"x":437.0418977130341,"y":206.49929240805955},"0xd":{"x":589.6380883972544,"y":330.1223846809988},"0xe":{"x":541.4686059228542,"y":299.48395181472677},"0x2":{"x":285.5251603673594,"y":235.26885412773163},"0x3":{"x":339.91022998008987,"y":223.5527445064385},"0xc":{"x":567.0166673623337,"y":383.88957927008613},"0xa":{"x":494.920047266663,"y":371.2055262587611},"0x12":{"x":389.870368252008,"y":384.66656144944324},"0x15":{"x":494.7569889386592,"y":420.5947465058381},"0x4":{"x":311.2132089149795,"y":173.62270995213754},"0x19":{"x":584.4496509932816,"y":281.0355407610035},"0x18":{"x":513.2962490643278,"y":261.32557297886075},"0x13":{"x":353.7296467740608,"y":423.36888614588577},"0x16":{"x":538.4810781009431,"y":423.32603353498246},"0x1":{"x":245.07806692682325,"y":263.19032578960895},"0x9":{"x":537.1888581282739,"y":121.05944470542883},"0x11":{"x":315.32105129737903,"y":414.16509926278485},"0x6":{"x":447.5601692788674,"y":317.75540574926276},"0x5":{"x":399.66757799237655,"y":263.1512750397719},"0x14":{"x":282.3025355774796,"y":133.375065709317},"0xb":{"x":591.262009190151,"y":105.69539838040106},"0x17":{"x":595.7737802707882,"y":151.5224213459137}}