{"0x678c089e01e99495":{"name":"NAIST (Pica8)","x":525,"y":122},"0x1018c1900e":{"name":"NAIST (sd-lemon)","x":453,"y":60},"0x5008069821":{"name":"NAIST (sd-grape01)"},"0x86d353c8544c":{"name":"Osaka (apple)","x":650,"y":74},"0x3085a99581b7":{"name":"OsakaUmekita (nozomi3)"},"0x201022039":{"name":"NICT (Tokyo)","x":350,"y":84},"0x301032039":{"name":"NICT (Osaka)","x":420,"y":159},"0x1101022039":{"name":"NICT (LA)","x":259,"y":162},"0xcaa8089e018237b4":{"name":"UF (Pica P3295)"},"0x2219629060":{"name":"UF (dirt00)","x":635,"y":185},"0x678c089e01e994e5":{"name":"UCSD (Pica8-1)","x":460,"y":420},"0x5e3e486e7302045e":{"name":"UCSD (Pica8-2)","x":375,"y":331},"0x188b7ba34e":{"name":"UCSD (rocks-106)","x":235,"y":426},"0x40a8f0303b75":{"name":"NCHC (NCHC)"},"0xaa4a28a9ea42":{"x":625,"y":17},"0x24215a465d":{"x":616,"y":240},"0x1018a6c346":{"x":630,"y":299},"0xcaa8089e018237b4L":{"x":402,"y":213},"0x10186df182":{"x":343,"y":549},"0x188b7ba361":{"x":223,"y":481},"0x188b7ba17f":{"x":564,"y":481},"0x188b7ba4e0":{"x":455,"y":561},"0x212846ed1c":{"x":627,"y":350},"0x188b7db605":{"x":31,"y":284},"0x5e3e486e730203ad":{"x":199,"y":317},"0x1d0922311b":{"x":34,"y":339},"0x188b7b9b89":{"x":526,"y":522},"0x188b7ba73f":{"x":260,"y":523},"0x188b7ba739":{"x":586,"y":437},"0x151716e184":{"x":111,"y":243},"0x1ef6244fe44b":{"x":280,"y":35},"0xa8b47ceed4a":{"x":144,"y":14},"0xb2035941ec40":{"x":120,"y":76},"0xf":{"x":-7.373688780783198,"y":6.754902942615239},"0x10":{"x":13.403187214918457,"y":-28.64183256151475},"0x8":{"x":-28.653384038891687,"y":-34.336330367699276},"0x7":{"x":30.073085133506012,"y":-29.92673638325601},"0xd":{"x":18.866941955758957,"y":-12.001604111035421},"0xe":{"x":-6.358980820385529,"y":23.65509169134563},"0x2":{"x":-12.194453649142762,"y":-23.479678451778437},"0x3":{"x":-4.977197614011282,"y":-38.40869047378575},"0xc":{"x":-21.519372768917858,"y":30.6090933487478},"0xa":{"x":1.2363864559502138,"y":-14.087985964343622},"0x12":{"x":-27.730366684134143,"y":11.446692254248088},"0x15":{"x":-41.195847160911136,"y":1.70357761632691},"0x4":{"x":-38.50166880287242,"y":26.788458324321702},"0x19":{"x":9.926122841712305,"y":31.64604375480823},"0x18":{"x":-29.971795491414543,"y":-17.369268119895633},"0x13":{"x":35.214545813198484,"y":-7.741819112466066},"0x16":{"x":10.538470205147268,"y":13.745568221620495},"0x1":{"x":26.568018333748892,"y":9.702597684001061},"0x9":{"x":-2.0134384491006574,"y":43.542462787624714},"0x11":{"x":30.585959818241726,"y":25.777879315352973},"0x6":{"x":-19.694269706308575,"y":-3.4836390075862327},"0x5":{"x":0,"y":0},"0x14":{"x":45.41650602805144,"y":6.110726651059321},"0xb":{"x":24.356789070709127,"y":42.505844611829374},"0x17":{"x":10.525956694116372,"y":-46.788932833241525}}