{"0x678c089e01e99495":{"name":"NAIST (Pica8)","x":496.9189641685831,"y":70.26670361967535},"0x1018c1900e":{"name":"NAIST (sd-lemon)","x":617.4187118344307,"y":72.77610910197984},"0x5008069821":{"name":"NAIST (sd-grape01)"},"0x86d353c8544c":{"name":"Osaka (apple)","x":650,"y":74},"0x3085a99581b7":{"name":"OsakaUmekita (nozomi3)"},"0x201022039":{"name":"NICT (Tokyo)","x":378.38666262796306,"y":55.425620227837896},"0x301032039":{"name":"NICT (Osaka)","x":385.32219539763685,"y":138.62141023125463},"0x1101022039":{"name":"NICT (LA)","x":259,"y":162},"0xcaa8089e018237b4":{"name":"UF (Pica P3295)"},"0x2219629060":{"name":"UF (dirt00)","x":635,"y":185},"0x678c089e01e994e5":{"name":"UCSD (Pica8-1)","x":460,"y":420},"0x5e3e486e7302045e":{"name":"UCSD (Pica8-2)","x":375,"y":331},"0x188b7ba34e":{"name":"UCSD (rocks-106)","x":235,"y":426},"0x40a8f0303b75":{"name":"NCHC (NCHC)"},"0xaa4a28a9ea42":{"x":625,"y":17},"0x24215a465d":{"x":616,"y":240},"0x1018a6c346":{"x":630,"y":299},"0xcaa8089e018237b4L":{"x":402,"y":213},"0x10186df182":{"x":343,"y":549},"0x188b7ba361":{"x":223,"y":481},"0x188b7ba17f":{"x":564,"y":481},"0x188b7ba4e0":{"x":455,"y":561},"0x212846ed1c":{"x":627,"y":350},"0x188b7db605":{"x":142.91880697418344,"y":172.4664112174716},"0x5e3e486e730203ad":{"x":215.38846486620372,"y":106.28008248960157},"0x1d0922311b":{"x":74.42119819155783,"y":111.03749450801953},"0x188b7b9b89":{"x":526,"y":522},"0x188b7ba73f":{"x":260,"y":523},"0x188b7ba739":{"x":586,"y":437},"0x151716e184":{"x":142.63615594134563,"y":50.55778804442812},"0x1ef6244fe44b":{"x":280,"y":35},"0xa8b47ceed4a":{"x":144,"y":14},"0xb2035941ec40":{"x":120,"y":76},"0xf":{"x":455.37650205725566,"y":422.7347388577724},"0x10":{"x":417.744607637213,"y":470.725332847396},"0x8":{"x":347.4360252341639,"y":375.14459497058215},"0x7":{"x":394.8646706471566,"y":336.0474280016077},"0xd":{"x":707.0899652173615,"y":386.3882632958644},"0xe":{"x":761.6260949205018,"y":357.14893147450965},"0x2":{"x":475.3414672969283,"y":211.5655892337477},"0x3":{"x":398.2185117275611,"y":232.8311067316098},"0xc":{"x":659.1739696319489,"y":419.93027970212364},"0xa":{"x":593.841162022523,"y":456.22930324912085},"0x12":{"x":451.45939841661436,"y":568.9465216540096},"0x15":{"x":553.406642601102,"y":365.2296574402031},"0x4":{"x":316.66884821730287,"y":226.2534939165697},"0x19":{"x":775.1390870442303,"y":433.5596175691883},"0x18":{"x":777.5219359892069,"y":266.3131772191525},"0x13":{"x":355.2565805729797,"y":575.8362905133314},"0x16":{"x":618.531871079111,"y":365.38822850499685},"0x1":{"x":539.6087914772833,"y":163.60801576732587},"0x9":{"x":287.05229165577686,"y":399.75658747661555},"0x11":{"x":346.19011782656275,"y":489.31707185514153},"0x6":{"x":538.356041244052,"y":511.27850158581975},"0x5":{"x":460.43360266063473,"y":303.1190044481698},"0x14":{"x":225.00283082523566,"y":260.0486686648071},"0xb":{"x":238.10914123879053,"y":451.7361215049655},"0x17":{"x":172.38403766940218,"y":458.1325753545092},"0x1b":{"x":616.9904912441124,"y":269.45781979092374},"0x1c":{"x":137.2384947927593,"y":390.5842566068693},"0x1d":{"x":777.2898552361262,"y":179.05157448409352},"0x1e":{"x":751.3361928836172,"y":527.719149557632},"0x1a":{"x":550.8027186107306,"y":266.49734880512756},"0xbe7d7d1b8745":{"x":668.3652888529473,"y":143.01719132359005},"0xfe99d4b39c4e":{"x":758.7352426694388,"y":65.97607337909557}}