{"0x678c089e01e99495":{"name":"NAIST (Pica8)","x":525,"y":122},"0x1018c1900e":{"name":"NAIST (sd-lemon)","x":453,"y":60},"0x5008069821":{"name":"NAIST (sd-grape01)"},"0x86d353c8544c":{"name":"Osaka (apple)","x":650,"y":74},"0x3085a99581b7":{"name":"OsakaUmekita (nozomi3)"},"0x201022039":{"name":"NICT (Tokyo)","x":350,"y":84},"0x301032039":{"name":"NICT (Osaka)","x":420,"y":159},"0x1101022039":{"name":"NICT (LA)","x":259,"y":162},"0xcaa8089e018237b4":{"name":"UF (Pica P3295)"},"0x2219629060":{"name":"UF (dirt00)","x":635,"y":185},"0x678c089e01e994e5":{"name":"UCSD (Pica8-1)","x":460,"y":420},"0x5e3e486e7302045e":{"name":"UCSD (Pica8-2)","x":375,"y":331},"0x188b7ba34e":{"name":"UCSD (rocks-106)","x":235,"y":426},"0x40a8f0303b75":{"name":"NCHC (NCHC)"},"0xaa4a28a9ea42":{"x":625,"y":17},"0x24215a465d":{"x":616,"y":240},"0x1018a6c346":{"x":630,"y":299},"0xcaa8089e018237b4L":{"x":402,"y":213},"0x10186df182":{"x":343,"y":549},"0x188b7ba361":{"x":223,"y":481},"0x188b7ba17f":{"x":564,"y":481},"0x188b7ba4e0":{"x":455,"y":561},"0x212846ed1c":{"x":627,"y":350},"0x188b7db605":{"x":31,"y":284},"0x5e3e486e730203ad":{"x":199,"y":317},"0x1d0922311b":{"x":34,"y":339},"0x188b7b9b89":{"x":526,"y":522},"0x188b7ba73f":{"x":260,"y":523},"0x188b7ba739":{"x":586,"y":437},"0x151716e184":{"x":111,"y":243},"0x1ef6244fe44b":{"x":280,"y":35},"0xa8b47ceed4a":{"x":144,"y":14},"0xb2035941ec40":{"x":120,"y":76},"0xf":{"x":355.3364959332182,"y":315.2378295770027},"0x10":{"x":289.308780845095,"y":340.21611741400574},"0x8":{"x":460.52807717612217,"y":405.84920120727224},"0x7":{"x":445.56170850446927,"y":347.6814234118184},"0xd":{"x":584.8409449124392,"y":317.9510688384022},"0xe":{"x":595.5209268673871,"y":385.44293848880847},"0x2":{"x":395.37625245225803,"y":180.40181236537984},"0x3":{"x":408.36183834918376,"y":233.78439025953102},"0xc":{"x":560.3030120307506,"y":247.88540458428204},"0xa":{"x":524.0086984758472,"y":191.48004431569075},"0x12":{"x":225.5587166044133,"y":398.537935542107},"0x15":{"x":547.0839270821874,"y":137.24064494787908},"0x4":{"x":349.05483858942927,"y":207.67904452767618},"0x19":{"x":613.8849627733921,"y":446.11906306749495},"0x18":{"x":566.6673923043056,"y":429.89139977238443},"0x13":{"x":248.0337099308082,"y":287.9086766200109},"0x16":{"x":496.1870217230521,"y":138.3686142826482},"0x1":{"x":346.83606212978685,"y":134.92325540967147},"0x9":{"x":415.5061980990302,"y":404.20528497445287},"0x11":{"x":216.27473137445523,"y":337.24015287419246},"0x6":{"x":476.7221641727249,"y":241.48593904246644},"0x5":{"x":423.64830951264287,"y":290.1975358778252},"0x14":{"x":287.7474816008598,"y":205.8132778465276},"0xb":{"x":375.53217121800765,"y":430.651119215164},"0x17":{"x":333.8128494711752,"y":404.98989431538814},"0x1b":{"x":445.621703900567,"y":86.61851814625561},"0x1c":{"x":288.17739979361255,"y":438.88936461559837},"0x1d":{"x":510.74483134461286,"y":460.96928450977776},"0x1e":{"x":688.9743708825109,"y":439.9352960966176},"0x1a":{"x":586.8006628459781,"y":90.40271192119357}}