{"0x678c089e01e99495":{"name":"NAIST (Pica8)","x":624.7505841043298,"y":233.7820111143232},"0x1018c1900e":{"name":"NAIST (sd-lemon)","x":665.2317145459158,"y":319.0060213625529},"0x5008069821":{"name":"NAIST (sd-grape01)"},"0x86d353c8544c":{"name":"Osaka (apple)","x":650,"y":74},"0x3085a99581b7":{"name":"OsakaUmekita (nozomi3)"},"0x201022039":{"name":"NICT (Tokyo)","x":434.916724082383,"y":188.20936927859404},"0x301032039":{"name":"NICT (Osaka)","x":502.44749448978996,"y":222.4228449502313},"0x1101022039":{"name":"NICT (LA)","x":259,"y":162},"0xcaa8089e018237b4":{"name":"UF (Pica P3295)"},"0x2219629060":{"name":"UF (dirt00)","x":635,"y":185},"0x678c089e01e994e5":{"name":"UCSD (Pica8-1)","x":460,"y":420},"0x5e3e486e7302045e":{"name":"UCSD (Pica8-2)","x":375,"y":331},"0x188b7ba34e":{"name":"UCSD (rocks-106)","x":235,"y":426},"0x40a8f0303b75":{"name":"NCHC (NCHC)"},"0xaa4a28a9ea42":{"x":625,"y":17},"0x24215a465d":{"x":616,"y":240},"0x1018a6c346":{"x":630,"y":299},"0xcaa8089e018237b4L":{"x":402,"y":213},"0x10186df182":{"x":343,"y":549},"0x188b7ba361":{"x":223,"y":481},"0x188b7ba17f":{"x":564,"y":481},"0x188b7ba4e0":{"x":455,"y":561},"0x212846ed1c":{"x":627,"y":350},"0x188b7db605":{"x":93.80192460182332,"y":233.35643728342905},"0x5e3e486e730203ad":{"x":162.4767487057227,"y":320.6314796310605},"0x1d0922311b":{"x":81.20317735962098,"y":388.3059310617128},"0x188b7b9b89":{"x":526,"y":522},"0x188b7ba73f":{"x":260,"y":523},"0x188b7ba739":{"x":586,"y":437},"0x151716e184":{"x":241.37867147752368,"y":241.4857156014094},"0x1ef6244fe44b":{"x":280,"y":35},"0xa8b47ceed4a":{"x":144,"y":14},"0xb2035941ec40":{"x":120,"y":76},"0xf":{"x":406.45471765428465,"y":292.35285743944564},"0x10":{"x":348.3547766713793,"y":266.448999699116},"0x8":{"x":609.5447434359719,"y":281.0054259290876},"0x7":{"x":537.3864387467667,"y":301.8221571402345},"0xd":{"x":313.9846051168639,"y":576.530351348669},"0xe":{"x":266.3403115974247,"y":623.7408666279857},"0x2":{"x":455.0948888014543,"y":192.0173428216345},"0x3":{"x":475.7091597395912,"y":245.92518701527533},"0xc":{"x":365.4327642361902,"y":520.7075670974467},"0xa":{"x":415.0212308855582,"y":467.8921311991453},"0x12":{"x":327.33203175382346,"y":203.65086249341493},"0x15":{"x":464.29522791681427,"y":489.6287010996571},"0x4":{"x":503.7910939090499,"y":196.74410590357581},"0x19":{"x":212.0287112461413,"y":628.0234533824492},"0x18":{"x":243.1731372667426,"y":674.8082170010654},"0x13":{"x":292.410233515692,"y":300.7207830925917},"0x16":{"x":426.92406986176206,"y":520.9851358892647},"0x1":{"x":440.7098681843125,"y":144.45964407407317},"0x9":{"x":674.6339816686084,"y":258.26223807386475},"0x11":{"x":285.24050345858757,"y":248.19418598679246},"0x6":{"x":442.08694040637624,"y":393.17504377518605},"0x5":{"x":467.62338854956454,"y":316.9840185156988},"0x14":{"x":522.566700321135,"y":150.71639187167528},"0xb":{"x":733.3528730782564,"y":235.5969049242955},"0x17":{"x":786.0201593434692,"y":214.0631293843724},"0x1b":{"x":443.78220473501517,"y":567.6803976531966},"0x1c":{"x":830.9756803080841,"y":195.3424251237709},"0x1d":{"x":213.65593797064363,"y":714.3220955692746},"0x1e":{"x":163.20007181632775,"y":626.803345425965},"0x1a":{"x":505.8771218574339,"y":516.3993852504337},"0xbe7d7d1b8745":{"x":564.0125335298688,"y":366.85226415695945},"0xfe99d4b39c4e":{"x":707.0987392685997,"y":260.4443533001556}}