{"0x678c089e01e99495":{"name":"NAIST (Pica8)","x":47.668910059510004,"y":25.05344315135838},"0x1018c1900e":{"name":"NAIST (sd-lemon)","x":26.568018333748896,"y":9.702597684001061},"0x5008069821":{"name":"NAIST (sd-grape01)"},"0x86d353c8544c":{"name":"Osaka (apple)","x":650,"y":74},"0x3085a99581b7":{"name":"OsakaUmekita (nozomi3)"},"0x201022039":{"name":"NICT (Tokyo)","x":-17.909211243064767,"y":-49.79216959172679},"0x301032039":{"name":"NICT (Osaka)","x":-20.06032227609403,"y":47.9331145470357},"0x1101022039":{"name":"NICT (LA)","x":259,"y":162},"0xcaa8089e018237b4":{"name":"UF (Pica P3295)"},"0x2219629060":{"name":"UF (dirt00)","x":635,"y":185},"0x678c089e01e994e5":{"name":"UCSD (Pica8-1)","x":460,"y":420},"0x5e3e486e7302045e":{"name":"UCSD (Pica8-2)","x":375,"y":331},"0x188b7ba34e":{"name":"UCSD (rocks-106)","x":235,"y":426},"0x40a8f0303b75":{"name":"NCHC (NCHC)"},"0xaa4a28a9ea42":{"x":625,"y":17},"0x24215a465d":{"x":616,"y":240},"0x1018a6c346":{"x":630,"y":299},"0xcaa8089e018237b4L":{"x":402,"y":213},"0x10186df182":{"x":343,"y":549},"0x188b7ba361":{"x":223,"y":481},"0x188b7ba17f":{"x":564,"y":481},"0x188b7ba4e0":{"x":455,"y":561},"0x212846ed1c":{"x":627,"y":350},"0x188b7db605":{"x":-47.63463885983453,"y":-15.196749017245159},"0x5e3e486e730203ad":{"x":10.525956694116372,"y":-46.788932833241525},"0x1d0922311b":{"x":24.35678907070913,"y":42.505844611829374},"0x188b7b9b89":{"x":526,"y":522},"0x188b7ba73f":{"x":260,"y":523},"0x188b7ba739":{"x":586,"y":437},"0x151716e184":{"x":46.288447044133314,"y":-21.386436595245726},"0x1ef6244fe44b":{"x":280,"y":35},"0xa8b47ceed4a":{"x":144,"y":14},"0xb2035941ec40":{"x":120,"y":76},"0xf":{"x":390.8577120681979,"y":242.54247190991435},"0x10":{"x":329.02112816887586,"y":227.09335961871977},"0x8":{"x":592.7366864039914,"y":222.45387650556697},"0x7":{"x":522.9355646344086,"y":242.17871783438738},"0xd":{"x":347.3383406721442,"y":524.6845181962547},"0xe":{"x":301.84895054748984,"y":570.7570235571726},"0x2":{"x":429.9047955281563,"y":134.09994262183048},"0x3":{"x":455.4850461221228,"y":185.58099151237576},"0xc":{"x":392.8418637885727,"y":467.78628554756295},"0xa":{"x":435.65886695427406,"y":412.4462938930512},"0x12":{"x":299.37120931064953,"y":188.06690496485572},"0x15":{"x":488.0622508428048,"y":427.6986211979668},"0x4":{"x":479.6137940115043,"y":134.26807182336734},"0x19":{"x":282.9824105316021,"y":502.7345412374036},"0x18":{"x":249.40175778709846,"y":568.8053668432404},"0x13":{"x":283.06869628241935,"y":243.8520700504673},"0x16":{"x":456.734055211432,"y":463.0667809753424},"0x1":{"x":410.0177316041782,"y":88.2468182939706},"0x9":{"x":656.1982412241736,"y":201.01560922347943},"0x11":{"x":281.72225891888917,"y":212.8056841200164},"0x6":{"x":445.94350874295355,"y":335.7240593056488},"0x5":{"x":455.47514421986045,"y":257.8712027759855},"0x14":{"x":496.62540248703374,"y":87.64127434375631},"0xb":{"x":713.2088901124163,"y":177.85697479178754},"0x17":{"x":762.8847484241162,"y":152.45789103784853},"0x1b":{"x":480.73482563364985,"y":506.4106350883238},"0x1c":{"x":801.1790705867407,"y":122.72592296218647},"0x1d":{"x":193.18603091257967,"y":540.3354314226323},"0x1e":{"x":249.2245155246116,"y":453.79740387880634},"0x1a":{"x":533.7403108624859,"y":446.99948043830915},"0xbe7d7d1b8745":{"x":-52.96312842870198,"y":13.960910681070223},"0xfe99d4b39c4e":{"x":-27.730366684134143,"y":11.446692254248088}}