{"0x678c089e01e99495":{"name":"NAIST (Pica8)","x":525,"y":122},"0x1018c1900e":{"name":"NAIST (sd-lemon)","x":453,"y":60},"0x5008069821":{"name":"NAIST (sd-grape01)"},"0x86d353c8544c":{"name":"Osaka (apple)","x":650,"y":74},"0x3085a99581b7":{"name":"OsakaUmekita (nozomi3)"},"0x201022039":{"name":"NICT (Tokyo)","x":350,"y":84},"0x301032039":{"name":"NICT (Osaka)","x":420,"y":159},"0x1101022039":{"name":"NICT (LA)","x":259,"y":162},"0xcaa8089e018237b4":{"name":"UF (Pica P3295)"},"0x2219629060":{"name":"UF (dirt00)","x":635,"y":185},"0x678c089e01e994e5":{"name":"UCSD (Pica8-1)","x":460,"y":420},"0x5e3e486e7302045e":{"name":"UCSD (Pica8-2)","x":375,"y":331},"0x188b7ba34e":{"name":"UCSD (rocks-106)","x":235,"y":426},"0x40a8f0303b75":{"name":"NCHC (NCHC)"},"0xaa4a28a9ea42":{"x":625,"y":17},"0x24215a465d":{"x":616,"y":240},"0x1018a6c346":{"x":630,"y":299},"0xcaa8089e018237b4L":{"x":402,"y":213},"0x10186df182":{"x":343,"y":549},"0x188b7ba361":{"x":223,"y":481},"0x188b7ba17f":{"x":564,"y":481},"0x188b7ba4e0":{"x":455,"y":561},"0x212846ed1c":{"x":627,"y":350},"0x188b7db605":{"x":31,"y":284},"0x5e3e486e730203ad":{"x":199,"y":317},"0x1d0922311b":{"x":34,"y":339},"0x188b7b9b89":{"x":526,"y":522},"0x188b7ba73f":{"x":260,"y":523},"0x188b7ba739":{"x":586,"y":437},"0x151716e184":{"x":111,"y":243},"0x1ef6244fe44b":{"x":280,"y":35},"0xa8b47ceed4a":{"x":144,"y":14},"0xb2035941ec40":{"x":120,"y":76},"0xf":{"x":364.5835265944326,"y":401.4730158523605},"0x10":{"x":299.4827696857683,"y":417.0808604759262},"0x8":{"x":571.7152946161906,"y":356.5299443196097},"0x7":{"x":501.97847138833987,"y":376.29943140706047},"0xd":{"x":371.88401188368186,"y":185.5707233304002},"0xe":{"x":349.9842462843009,"y":134.27579491064884},"0x2":{"x":491.77966993515827,"y":468.3497137158627},"0x3":{"x":433.115023820284,"y":454.6059948720978},"0xc":{"x":407.5014516300586,"y":230.705712468558},"0xa":{"x":458.2966202842443,"y":251.5491768023149},"0x12":{"x":241.1836887497089,"y":445.3875676546602},"0x15":{"x":455.07512157874777,"y":195.62313150903137},"0x4":{"x":401.98907211829805,"y":501.11963252752645},"0x19":{"x":372.3425341448559,"y":85.29622794140903},"0x18":{"x":298.5611708476001,"y":140.4391574685587},"0x13":{"x":243.51788739691906,"y":364.0921755488838},"0x16":{"x":506.5375718041675,"y":224.0045680345022},"0x1":{"x":567.5535426649998,"y":446.1400116042948},"0x9":{"x":631.4391806064983,"y":325.22664670851645},"0x11":{"x":285.51487751722004,"y":467.7366069099804},"0x6":{"x":445.86142454518944,"y":318.62836011874134},"0x5":{"x":434.0566231432893,"y":386.4242759875107},"0x14":{"x":374.93500862812994,"y":542.3613239920729},"0xb":{"x":676.8474108060395,"y":282.5064192585421},"0x17":{"x":703.4352303854935,"y":232.08822830233655},"0x1b":{"x":554.9670635271249,"y":216.5372133416777},"0x1c":{"x":706.6196260899803,"y":183.2248025116705},"0x1d":{"x":251.36931104382458,"y":148.7570160869375},"0x1e":{"x":399.905931354154,"y":45.22241089566324},"0x1a":{"x":460.96826208879344,"y":145.74612106028738}}