{"0x678c089e01e99495":{"name":"NAIST (Pica8)","x":560.4426515409571,"y":214.16693415810016},"0x1018c1900e":{"name":"NAIST (sd-lemon)","x":681.310787533178,"y":214.032154219462},"0x5008069821":{"name":"NAIST (sd-grape01)"},"0x86d353c8544c":{"name":"Osaka (apple)","x":650,"y":74},"0x3085a99581b7":{"name":"OsakaUmekita (nozomi3)"},"0x201022039":{"name":"NICT (Tokyo)","x":388.96470010795747,"y":68.97160414643537},"0x301032039":{"name":"NICT (Osaka)","x":483.52312303645,"y":88.10805172699418},"0x1101022039":{"name":"NICT (LA)","x":259,"y":162},"0xcaa8089e018237b4":{"name":"UF (Pica P3295)"},"0x2219629060":{"name":"UF (dirt00)","x":635,"y":185},"0x678c089e01e994e5":{"name":"UCSD (Pica8-1)","x":460,"y":420},"0x5e3e486e7302045e":{"name":"UCSD (Pica8-2)","x":375,"y":331},"0x188b7ba34e":{"name":"UCSD (rocks-106)","x":235,"y":426},"0x40a8f0303b75":{"name":"NCHC (NCHC)"},"0xaa4a28a9ea42":{"x":625,"y":17},"0x24215a465d":{"x":616,"y":240},"0x1018a6c346":{"x":630,"y":299},"0xcaa8089e018237b4L":{"x":402,"y":213},"0x10186df182":{"x":343,"y":549},"0x188b7ba361":{"x":223,"y":481},"0x188b7ba17f":{"x":564,"y":481},"0x188b7ba4e0":{"x":455,"y":561},"0x212846ed1c":{"x":627,"y":350},"0x188b7db605":{"x":100.1765316748739,"y":190.22579711785795},"0x5e3e486e730203ad":{"x":219.65893326641407,"y":213.60708821815427},"0x1d0922311b":{"x":245.1722621361282,"y":95.31083043077876},"0x188b7b9b89":{"x":526,"y":522},"0x188b7ba73f":{"x":260,"y":523},"0x188b7ba739":{"x":586,"y":437},"0x151716e184":{"x":149.15686083633227,"y":95.01793590716514},"0x1ef6244fe44b":{"x":280,"y":35},"0xa8b47ceed4a":{"x":144,"y":14},"0xb2035941ec40":{"x":120,"y":76},"0xf":{"x":398.8577120681979,"y":326.54247190991435},"0x10":{"x":335.02112816887586,"y":318.0933596187198},"0x8":{"x":608.7366864039914,"y":303.453876505567},"0x7":{"x":533.9355646344086,"y":308.1787178343874},"0xd":{"x":347.3383406721442,"y":524.6845181962547},"0xe":{"x":301.84895054748984,"y":570.7570235571726},"0x2":{"x":490.9047955281563,"y":195.09994262183048},"0x3":{"x":454.4850461221228,"y":243.58099151237576},"0xc":{"x":392.8418637885727,"y":467.78628554756295},"0xa":{"x":467.65886695427406,"y":457.4462938930512},"0x12":{"x":284.37120931064953,"y":283.0669049648557},"0x15":{"x":547.0622508428048,"y":382.6986211979668},"0x4":{"x":409.6137940115043,"y":194.26807182336734},"0x19":{"x":282.9824105316021,"y":502.7345412374036},"0x18":{"x":249.40175778709846,"y":568.8053668432404},"0x13":{"x":271.06869628241935,"y":350.8520700504673},"0x16":{"x":556.734055211432,"y":445.0667809753424},"0x1":{"x":553.0177316041782,"y":130.2468182939706},"0x9":{"x":672.1982412241736,"y":304.01560922347943},"0x11":{"x":342.72225891888917,"y":385.8056841200164},"0x6":{"x":456.94350874295355,"y":405.7240593056488},"0x5":{"x":457.47514421986045,"y":317.8712027759855},"0x14":{"x":371.62540248703374,"y":145.64127434375632},"0xb":{"x":737.2088901124163,"y":298.85697479178754},"0x17":{"x":798.8847484241162,"y":269.4578910378485},"0x1b":{"x":656.7348256336498,"y":432.4106350883238},"0x1c":{"x":842.1790705867407,"y":212.72592296218647},"0x1d":{"x":193.18603091257967,"y":540.3354314226323},"0x1e":{"x":249.2245155246116,"y":453.79740387880634},"0x1a":{"x":648.7403108624859,"y":381.99948043830915},"0xbe7d7d1b8745":{"x":742.7685942256276,"y":128.24680400076014},"0xfe99d4b39c4e":{"x":654.2391467278552,"y":92.40842984133758}}